news,national,sports,world,politics,technology,entertainment,hatke
"7 IITs among India's top higher education institutes, IIT Madras tops",1,0,0,0,0,0,0
They forget she's 14: Devgn on trolls criticising daughter's dress,0,0,0,0,0,1,0
Haven't earned so much that I can wear new clothes every day: Janhvi,0,0,0,0,0,1,0
Fans in US sing Desi Girl for Priyanka outside Jonas Brothers concert,0,0,0,0,0,1,0
"Dhoni bhai was very angry, he hugged me after the match: Chahar",0,1,0,0,0,0,0
Akram criticises Pak players for eating biryani ahead of World Cup,0,1,0,0,0,0,0
"Indian Navy officer risks life, saves man from drowning at Kerala beach",1,0,0,0,0,0,0
"Prisoners sue US jail over mice, maggots falling on dining tables",0,0,1,0,0,0,0
Female Indian doctor missing in UK since April 3; probe underway,0,0,1,0,0,0,0
"Scandal-hit Korean Air Chairman dies at 70, weeks after board ouster",0,0,0,0,0,0,0
PM suppressing regional parties by misusing institutions: Gowda,0,0,0,1,0,0,0
Hyderabad to be the standby venue for IPL 2019 final: Report,0,1,0,0,0,0,0
PM Modi didn't give a single rupee to West Bengal: Mamata,0,0,0,1,0,0,0
I'll be an improved bowler at the end of IPL: KXIP's Sam Curran,0,1,0,0,0,0,0
Hot English summer to aid subcontinent teams at WC: Pietersen,0,1,0,0,0,0,0
Morgan should become England coach after Ashes: Ex-Eng pacer,0,1,0,0,0,0,0
Rollins defeats Brock Lesnar to become WWE Universal Champion,0,1,0,0,0,0,0
Muguruza retains Monterrey Open title as Azarenka retires,0,1,0,0,0,0,0
To win Ballon d’Or Neymar must complete season with PSG: Edmilson,0,1,0,0,0,0,0
Watford player makes jokes about Wolves' player's celebration,0,1,0,0,0,0,0
"Arunachal has 131 crorepati nominees, CM Khandu richest",1,0,0,1,0,0,0
Nissan shareholders sack Carlos Ghosn from company board,0,0,0,0,1,0,0
World Bank projects India's GDP to expand 7.5% in FY20,1,0,0,0,0,0,0
NCLAT to decide on bankruptcy proceedings against RCom,0,0,0,0,0,0,0
IAF releases radar images as proof of shooting down Pak F-16,1,0,0,0,0,0,0
"BJP goofs up, manifesto says 'commit crimes against women'",1,0,0,1,0,0,0
"Kher takes dig at artistes urging people to vote out BJP, criticised",1,0,0,1,0,1,0
Increase VVPAT check from 1 EVM to 5 per constituency: SC to EC,1,0,0,1,0,0,0
Facebook denies doing physical verification of Delhi man for a post,1,0,0,1,1,0,0
Marginal farmers aged 60 and above will get pension facility: BJP,1,0,0,1,0,0,0
Should go viral globally: Mahindra on Kerala girl riding horse to exam,1,0,0,0,0,0,0
"Navy officer moves tribunal over supersession, daughter to fight case",1,0,0,0,0,0,0
UK court rejects Vijay Mallya's plea against extradition order,1,0,0,0,0,0,0
"RJD releases poll manifesto, promises quota in private sector",1,0,0,1,0,0,0
"BJP should issue 'Maafi Patra', not 'Sankalp Patra': Cong",1,0,0,1,0,0,0
"Shah's Maha rallies cancelled as people didn't turn up, claims NCP",1,0,0,1,0,0,0
"₹20,000cr startup fund, 50,000 new startups in BJP manifesto",1,0,0,1,1,0,0
Nationalism BJP's inspiration: PM Modi on manifesto launch,1,0,0,1,0,0,0
SC refuses TikTok's urgent plea hearing on Madras HC ban order,1,0,0,0,1,0,0
PM Modi brought honour India hadn't seen for long: Varun Gandhi,1,0,0,1,0,0,0
Opposition leaders have mental issues: RSS leader,1,0,0,1,0,0,0
Mahatma Gandhi wanted Congress to be dismantled: Yogi,1,0,0,1,0,0,0
"Inmate of UP jail dies, judicial probe recommended",1,0,0,0,0,0,0
"Army gets 6 indigenous, long-range artillery guns 'Dhanush'",1,0,0,0,0,0,0
IT raids being planned to cripple poll campaign: Chidambaram,1,0,0,0,0,0,0
Car's windscreen doesn't break despite Chris Lynn's six hitting it,0,1,0,0,0,0,0
We are making the same mistakes almost every game: RCB's Moeen Ali,0,1,0,0,0,0,0
"I don't really celebrate wickets, I celebrate wins: MI's Joseph",0,1,0,0,0,0,0
We can't keep giving excuses: Kohli as RCB lose 6th match in a row,0,1,0,0,0,0,0
"Kohli the batsman a master, Kohli the captain an apprentice: Gambhir",0,1,0,0,0,0,0
KKR chase down RR's 139 with 37 balls remaining to go top of table,0,1,0,0,0,0,0
India's squad for World Cup to be announced on April 15 in Mumbai,0,1,0,0,0,0,0
"A cricketer born on 8-4-63 scored 8,463 runs in Test cricket",0,1,0,0,0,0,0
"Samson, Tripathi, Shaw: Stokes picks favourite young Ind batsmen",0,1,0,0,0,0,0
Rest Kohli ahead of 2019 World Cup: Ex-Eng captain Vaughan,0,1,0,0,0,0,0
"Not too late for us, no need to panic: Ajinkya Rahane",0,1,0,0,0,0,0
Success is not about winning French Open: Nadal's uncle,0,1,0,0,0,0,0
Arsenal suffer 0-1 EPL defeat at Everton,0,1,0,0,0,0,0
Deulofeu scores curling chip goal to help Watford reach FA final,0,1,0,0,0,0,0
Don't want to show this world to my kids: Juve player on racism,0,1,0,0,0,0,0
Whipping up war hysteria: India rejects Pak claim of planning attack,0,0,1,0,0,0,0
Won't be repeated: US hospital apologises to women secretly filmed,0,0,1,0,0,0,0
Pulwama attack convinced world Pak exporting terror to India: PM Modi,0,0,1,0,0,0,0
WWII German code-breaking machine reconstructed in UK,0,0,1,0,1,0,0
"NZ family finds hidden camera in Airbnb room, company apologises",0,0,1,0,1,0,0
India evacuates entire peacekeeping contingent amid Libya fighting,0,0,1,0,0,0,0
"India charging over 100% tariff, work on stupid trade: Trump to staff",0,0,1,0,0,0,0
"US woman freed from jail enters into daycare naked, arrested again",0,0,1,0,0,0,0
Slovakia bans other countries' anthems; MPs say voted 'by mistake',0,0,1,0,0,0,0
Ecuador rejects WikiLeaks claims it plans to expel Julian Assange,0,0,1,0,0,0,0
Bomb brought by student explodes in Yemen school; 2 killed,0,0,1,0,0,0,0
Woman faces jail in Dubai for calling ex-husband's new wife 'horse',0,0,1,0,0,0,0
Kirstjen Nielsen resigns as US Homeland Security Secretary,0,0,1,0,0,0,0
I once withdrew $10 million just to look at it: Africa's richest man,0,0,1,0,0,0,0
South's plan to deploy F-35A jets will increase tensions: N Korea,0,0,1,0,0,0,0
US Army shows use of Microsoft's AR headset in the field,0,0,1,0,1,0,0
"Prince William interns with UK agencies MI5, MI6 for a week each",0,0,1,0,1,0,0
"UK may fine, ban Facebook, Twitter over terrorist content",0,0,1,0,1,0,0
Trump eager for trade deal with post-Brexit Britain: US NSA Bolton,0,0,1,0,0,0,0
Malaysia to not join ICC despite signing Rome Statute,0,0,1,0,0,0,0
Thai politician charged with sedition after his party leads polls,0,0,1,0,0,0,0
Companies boycott Brunei-owned hotels over anti-gay sex law,0,0,1,0,0,0,0
India's imports from China fell 5% in April-Jan FY19: Report,0,0,1,0,0,0,0
"Complaint against me bogus, Hinduism epitome of peace: Urmila",0,0,0,1,0,1,0
Cong wants to politicise national security issues: Gadkari,0,0,0,1,0,0,0
Will not let Rahul come to power by supporting traitors: Uddhav,0,0,0,1,0,0,0
Rajnath calls BJP's 'Sankalp Patra' a vision document,0,0,0,1,0,0,0
BJP promises to spend ₹100 lakh cr on infrastructure by 2024,0,0,0,1,0,0,0
Goa minority community will vote for BJP: CM Pramod Sawant,0,0,0,1,0,0,0
BJP manifesto not prepared with tukde tukde mindset: Jaitley,0,0,0,1,0,0,0
PM Modi turns hysterical during polls: Sharad Pawar,0,0,0,1,0,0,0
"BJP pledges to revise tax slabs, tax benefits if re-elected",0,0,0,1,0,0,0
Bezos' reported girlfriend files for divorce day after his divorce,0,0,0,0,1,0,0
FB visits Delhi man's home for political post's verification: Report,0,0,0,0,1,0,0
"2 students replace 1,500 fake iPhones in US, scam Apple of ₹6 cr",0,0,0,0,1,0,0
Another top AI researcher at Google quits to join Apple,0,0,0,0,1,0,0
WhatsApp to let users block 'frequently forwarded' messages in groups,0,0,0,0,1,0,0
Windows 10 drops default option to 'safely remove' USB drive,0,0,0,0,1,0,0
"Was called bitch, asked to sit on lap, Microsoft employees claim",0,0,0,0,1,0,0
Amazon developing AirPods-like Alexa-powered earbuds: Report,0,0,0,0,1,0,0
Govt may link social media accounts with Aadhaar: Report,0,0,0,0,1,0,0
FB Co-founder's VC firm hits 1st close of new fund at $406M,0,0,0,0,1,0,0
Google accidentally leaks 'Pixel 3a' on online store: Report,0,0,0,0,1,0,0
SAP cloud business head Robert quits after 27 yrs at company,0,0,0,0,1,0,0
Microsoft to shut health records service HealthVault after 12 yrs,0,0,0,0,1,0,0
Customers trick McD's self-service system for free burgers,0,0,0,0,1,0,0
"Google DeepMind AI tries high school Math test, nearly fails",0,0,0,0,1,0,0
Tinder to let users add 'Stories' directly from Snapchat,0,0,0,0,1,0,0
"Amazon plans to launch 3,200 satellites for high-speed internet",0,0,0,0,1,0,0
No plans to delay livestreams: Zuckerberg after NZ attacks,0,0,0,0,1,0,0
Flipkart Group CEO Krishnamurthy invests ₹1.6 crore in UrbanClap,0,0,0,0,1,0,0
"I met a man that they call Elon Musk, a real genius: Israel PM",0,0,0,0,1,0,0
"After Ola ban, Karnataka seizes startup Rapido's 170 bike-taxis",0,0,0,0,1,0,0
"Cashify says it caught fake agents stealing iPhones, warns users",0,0,0,0,1,0,0
Certainly wouldn't buy a business for $25 bn: Warren Buffett on Lyft IPO,0,0,0,0,1,0,0
Elon Musk loses $1 billion in two minutes as Tesla shares fall 11%,0,0,0,0,1,0,0
Swiggy not acquiring rival Uber Eats as talks fail: Report,0,0,0,0,1,0,0
"Zomato spends $500mn in FY19, revenue grows three-fold to $206 mn",0,0,0,0,1,0,0
Micromax Co-founder launches AI-enabled e-motorcycle brand,0,0,0,0,1,0,0
"Singer Sheryl Crow complains about her Tesla car, Musk responds",0,0,0,0,1,0,0
"Logistics startup BlackBuck raises ₹553cr, valuation nears $1bn",0,0,0,0,1,0,0
Google-backed local delivery app Dunzo to raise ₹80 crore,0,0,0,0,1,0,0
Food delivery in India will overtake e-commerce: Zomato CEO,0,0,0,0,1,0,0
"10 govt oil, gas firms partner for ₹320-crore startup fund",0,0,0,0,1,0,0
US startup Landed that helps teachers buy homes gets $7.5 mn,0,0,0,0,1,0,0
Gurugram e-pharmacy startup '1mg' raises ₹314 crore,0,0,0,0,1,0,0
Elon Musk given 2 weeks to settle with SEC over contempt motion,0,0,0,0,1,0,0
China e-tailers undervaluing goods post govt clampdown: Report,0,0,0,0,1,0,0
SoftBank in talks to raise $15 bn for $100-bn fund: Report,0,0,0,0,1,0,0
WeWork buys US-based office management startup Managed by Q,0,0,0,0,1,0,0
Reports simply untrue: Tesla denies Musk pushed ex-employee,0,0,0,0,1,0,0
51-year-old television actor Sooraj Thapar blessed with second child,0,0,0,0,0,1,0
Becoming the Hurricane: Ranveer trains with Kapil Dev for '83,0,0,0,0,0,1,0
'Kill This Love' music video fastest to reach 100mn views on YouTube,0,0,0,0,0,1,0
Will Smith shares pics of himself performing puja in Haridwar,0,0,0,0,0,1,0
"I forgot how Game of Thrones ends, jokes actress Emilia Clarke ",0,0,0,0,0,1,0
"Rappers Cardi B, Offset buy half a street in US for ₹1.38 cr: Report",0,0,0,0,0,1,0
Doctors gave wrong medicines: Aashka on Juhi's near-death experience,0,0,0,0,0,1,0
"Koena Mitra uses wrong photo to attack Rahul Gandhi, criticised",0,0,0,0,0,1,0
"Came to Mumbai to be actor, not Anil's junior: Actor's lookalike",0,0,0,0,0,1,0
I've zero respect for all awards barring National Awards: John Abraham,0,0,0,0,0,1,0
Longest year of our life: Irrfan's wife after his cancer treatment,0,0,0,0,0,1,0
Female fan threatens to kill Varun's girlfriend outside his house,0,0,0,0,0,1,0
Priyanka dances with sisters-in-law at Jonas Brothers concert,0,0,0,0,0,1,0
"Kangana one of the best actresses, want to work with her: Karan Johar",0,0,0,0,0,1,0
Kareena teases me about the amount of money I'm making: Akshay,0,0,0,0,0,1,0
GoAir denies stopping Preity from boarding flights on her ex's orders,0,0,0,0,0,1,0
Might contest from Vadodara if I join politics: Vivek Oberoi,0,0,0,0,0,1,0
Complaint against Urmila for saying 'Hinduism most violent religion',0,0,0,0,0,1,0
GOJEK looking to hire developers for its Super App,0,0,0,0,0,0,0
Horlicks reconnects mothers to their children with new campaign,0,0,0,0,0,0,0
Chivas Alchemy seeks to bottle the nuances of the Sixth Sense,0,0,0,0,0,0,0
Chivas Alchemy aims to deconstruct the Sixth Sense,0,0,0,0,0,0,0
Deepika & Ranbir reunite for Asian Paints Royale Health Shield,0,0,0,0,0,0,0
Late actor Amrish Puri features on Beardo's Origin parfum campaign,0,0,0,0,0,0,0
25-yr-old Iraqi woman gives birth to septuplets; 6 girls and 1 boy,0,0,0,0,0,0,0
"UK returns 3,000-year-old 'cursed' stone looted during Iraq War",0,0,0,0,0,0,0
"Thief breaks into store to steal phones, drops shelf on himself in US",0,0,0,0,0,0,0
"Who is Theresa Serber Malkiel, the woman behind 1st Women's Day?",0,0,0,0,0,0,0
'Nari Shakti' named Hindi Word of the Year by Oxford Dictionaries,0,0,0,0,0,0,0
What is #trashtag challenge that has gone viral worldwide?,0,0,0,0,0,0,0
'World's loneliest duck' dies after attack by dogs,0,0,0,0,0,0,0
"17-foot-long python, longer than one-storey building, caught in US",0,0,0,0,0,0,0
"Single-owner wine auction with 17,000 bottles could fetch ₹180 cr",0,0,0,0,0,0,0
"Man goes to poach rhino, gets killed by elephant & eaten by lions",0,0,0,0,0,0,0
I went halfway across world to look at toilet: Bill Gates shares pic,0,0,0,0,0,0,0
"Man finds out he's only traveller on 188-passenger flight, shares pic",0,0,0,0,0,0,0
New 'consent condom' packet opens only using 4 hands,0,0,0,0,0,0,0
Theme park in Indonesia covers up breasts of mermaid statues,0,0,0,0,0,0,0
Picture of children 'clicking selfie with chappal' goes viral ,0,0,0,0,0,0,0
'Chuddies' latest Indian word to be added in Oxford Dictionary,0,0,0,0,0,0,0
"2,500-year-old jar of eggs discovered in a tomb in China",0,0,0,0,0,0,0
US man returns overdue book to school library 53 years late,0,0,0,0,0,0,0
Annual fest of BITS Pilani Hyderabad hosted Vicky & Vishal-Shekhar,0,0,0,0,0,0,0
90-year-old US man eats half a litre of paint mistaking it for yogurt,0,0,0,0,0,0,1
"Mother forgets newborn at Saudi airport, plane forced to turn back",0,0,0,0,0,0,1
"Farting on colleagues is not bullying, rules Australian court",0,0,0,0,0,0,1
Naked policeman arrests naked criminal in Swedish sauna,0,0,0,0,0,0,1
You even fooled us: Google exec to YouTuber on Pixel 4 leak prank,0,0,0,0,0,0,1
UK woman gets brown sugar instead of cocaine; calls police,0,0,0,0,0,0,1
"Man tries to board flight naked, says clothes affect aerodynamics",0,0,0,0,0,0,1
"Belgium fixes statue that 'peed' 2,500L water into drain every day",0,0,0,0,0,0,1
"UK prison guards find dead rats stuffed with drugs, phones, cash",0,0,0,0,0,0,1
US man spots 'few' rattlesnakes under his home; rescuers pull out 45,0,0,0,0,0,0,1
US woman delivers 6 babies in 9 minutes in rare one in a 4.7 bn case,0,0,0,0,0,0,1
"6-yr-old cycles over chicken, rushes it to hospital with savings",0,0,0,0,0,0,1
We could teach you about edit button: Wiki to Twitter on 13th b'day,0,0,0,0,0,0,1
2-inch micro handbag launched at Paris Fashion Week,0,0,0,0,0,0,1
"People edit picture of Apple CEO Tim Cook using iPad, post memes",0,0,0,0,0,0,1
'Microwave Challenge' in which people sit & spin on floor goes viral,0,0,0,0,0,0,1
Aus man sues ex-boss for farting in windowless room; seeks $1.28mn,0,0,0,0,0,0,1
Video shows strong wind lifts Turkish man holding umbrella up in air,0,0,0,0,0,0,1
9 pregnant nurses from US hospital's delivery unit due at same time,0,0,0,0,0,0,1
I lift a little: Elon Musk photoshops his face in pics of The Rock,0,0,0,0,0,0,1
"9-foot alligator strolls through US golf course, interrupts a game",0,0,0,0,0,0,1
Helicopter lands in stadium as retiring player fakes own kidnapping,0,0,0,0,0,0,1
"School honours 6-yr-old who ran over chicken, took it to hospital",0,0,0,0,0,0,1
Chinese girl buys handwriting-mimicking robot to do homework,0,0,0,0,0,0,1
Drug smuggler tries to avoid security; didn't wash feet for 1 month,0,0,0,0,0,0,1
upGrad offers scholarship up to ₹50k for its Data Science program,0,0,0,0,1,0,0
Chennai zoo says crocodile killed by loud music from Sheraton hotel,0,0,0,0,1,0,0
Pregnant whale found dead in Italy with 22 kg plastic in stomach,0,0,0,0,1,0,0
Cooperation with ISRO intact: NASA after calling ASAT test 'terrible',0,0,0,0,1,0,0
"Chandrayaan-2 Moon lander damaged during test, launch put on hold",0,0,0,0,1,0,0
1st organism with chlorophyll that doesn't photosynthesise found,0,0,0,0,1,0,0
New study contradicts Hawking's hypothesis on dark matter,0,0,0,0,1,0,0
Scientists say they made light pulse travel 30x faster than normal,0,0,0,0,1,0,0
"After Moon in 2024, NASA wants to send astronauts to Mars in 2033",0,0,0,0,1,0,0
CO2 levels high as 3M yrs ago when seas were 20 metres higher: Study,0,0,0,0,1,0,0
"Within 45 days, all the ASAT test debris will decay: DRDO Chief",0,0,0,0,1,0,0
Japan space probe drops 2-kg bomb on asteroid to make crater,0,0,0,0,1,0,0
Pak expresses 'deep concern' over debris from India's ASAT test,0,0,0,0,1,0,0
"Ancient whales had 4 legs, walked on land, fossils show",0,0,0,0,1,0,0
Fluorescent bones found in Brazilian frogs by accident,0,0,0,0,1,0,0
Dolphin survival rate fell 12% after heatwave of 2011: Study,0,0,0,0,1,0,0
NASA achieves test milestone for Moon mission rocket engine,0,0,0,0,1,0,0
Poor diet causes more deaths globally than tobacco: Study,0,0,0,0,1,0,0
2002 Medicine Nobel Prize winner Brenner passes away aged 92,0,0,0,0,1,0,0
ISS astronauts working on Parkinson's cure in space: NASA,0,0,0,0,1,0,0
Monkeys with human gene show human-like brain growth: Study,0,0,0,0,1,0,0
"'Transparent wood' that can store, release heat made",0,0,0,0,1,0,0
NASA spacecraft break GPS record for farthest distance from Earth,0,0,0,0,1,0,0
Yamaha unveils the Hyper naked Motard MT 15,0,0,0,0,1,0,0
"Judge orders SEC, Musk to meet for at least an hour over 1 tweet",0,0,0,0,1,0,0
We don't yet have opinion on how to use Ambassador brand: PSA Group,0,0,0,0,1,0,0
"Elon Musk pushed ex-employee, told him 'I will nuke you': Reports",0,0,0,0,1,0,0
Mahindra shows 11-yr-old’s letter asking for honk limit in cars,0,0,0,0,1,0,0
"CARS24 raises $11 million, now valued at $666 million",0,0,0,0,1,0,0
UK startup claims 1st to drive self-driving cars on unknown roads,0,0,0,0,1,0,0
"Man claims finishing world's longest 95,000 km e-car trip",0,0,0,0,1,0,0
Ex-Nissan boss will name those responsible for arrest: Wife,0,0,0,0,1,0,0
Maruti Suzuki cut vehicle production by around 21% in March,0,0,0,0,1,0,0
Ex-Nissan chief asks French govt to help after latest arrest,0,0,0,0,1,0,0
"Toyota to make 24,000 hybrid-vehicle patents royalty-free",0,0,0,0,1,0,0
Volkswagen to merge all three passenger car arms in India,0,0,0,0,1,0,0
Security researchers trick self-driving Tesla to change lane,0,0,0,0,1,0,0
"China's BYD shows 88-ft-long electric bus, says it's world's longest",0,0,0,0,1,0,0
"No Tata Nano production for 3rd straight month, no sales in March",0,0,0,0,1,0,0
"Zoomcar seeks to raise $500 million, Mahindra may invest",0,0,0,0,1,0,0
Fired Nissan chief Ghosn tweets he's 'ready to tell the truth',0,0,0,0,1,0,0
"Tesla fined $31,000 for breaking waste law at US factory",0,0,0,0,1,0,0
"If they call me, I am always ready: Harbhajan on India call-up",0,1,0,0,0,0,0
There are shades of Sehwag in Prithvi Shaw’s batting: Brian Lara,0,1,0,0,0,0,0
"Mohun Bagan misplaced Gostha Pal’s Padma Shri award, claims son",0,1,0,0,0,0,0
Mai rajniti ka damad hun: LS candidate while filing nomination,0,0,0,1,0,0,0
